{"cameraMode":{"drawMode":0,"name":"Shaded","section":"Shading Mode"},"sceneLighting":false,"audioPlay":false,"sceneViewState":{"m_AlwaysRefresh":false,"showFog":true,"showSkybox":false,"showFlares":true,"showImageEffects":true,"showParticleSystems":true,"showVisualEffectGraphs":true,"m_FxEnabled":true},"in2DMode":false,"pivot":{"x":-0.036102294921875,"y":0.3857598304748535,"z":-0.01869964599609375},"rotation":{"x":-0.011352524161338807,"y":-0.6725767850875855,"z":0.010271746665239334,"w":-0.7399135231971741},"size":1.0606602430343629,"orthographic":false}